inst_slut, inventario
pgr, Inventario Institucional de Datos de PGR
imt, Inventario Institucional de Datos de IMT
fondo-de-cultura-economica, Inventario Institucional de Datos de Fondo de Cultura Económica 
ayuntamiento-de-veracruz, Inventario Institucional de Datos de Veracruz Municipio
ase-chihuahua, Inventario Institucional de Datos de ASE Chihuahua
semarnat, Inventario Institucional de Datos de SEMARNAT
api-coa, Inventario Institucional de Datos de API-COA
issfam, Inventario Institucional de Datos de ISSFAM
nafin, Inventario Institucional de Datos de NAFIN
presidencia, Inventario Institucional de Datos de Presidencia
procuraduria-agraria, Inventario Institucional de Datos de Procuraduría Agraria
ran, Inventario Institucional de Datos de RAN
sct, Inventario Institucional de Datos de SCT
sedatu, Inventario Institucional de Datos de sedatu
sener, Inventario Institucional de Datos de SENER
sep, Inventario Institucional de Datos de SEP
shcp, Inventario Institucional de Datos de SHCP
asa, Inventario Institucional de Datos de ASA
imss, Inventario Institucional de Datos de IMSS
conagua, Inventario Institucional de Datos de CONAGUA
centro-de-investigaciones-y-estudios-superiores-en-antropologia-social, Inventario Institucional de Datos de Centro de Investigaciones y Estudios Superiores en Antropología Social
coneval, Inventario Institucional de Datos de CONEVAL
issste, Inventario Institucional de Datos de ISSSTE
aicm, Inventario Institucional de Datos de AICM
api-db, Inventario Institucional de Datos de API-DB
agroasemex, Inventario Institucional de Datos de AGROASEMEX
api-lzc, Inventario Institucional de Datos de API-LZC
api-tam, Inventario Institucional de Datos de API-TAM
api-ver, Inventario Institucional de Datos de API-VER
cfe, Inventario Institucional de Datos de CFE
hggea, Inventario Institucional de Datos de HGGEA
conampros, Inventario Institucional de Datos de CONAMPROS
iie, Inventario Institucional de Datos de IIE
inapesca, Inventario Institucional de Datos de INAPESCA
estado-de-veracruz, Inventario Institucional de Datos de Estado de Veracruz
imjuve, Inventario Institucional de Datos de IMJUVE
inba, Inventario Institucional de Datos de INBA
inecol, Inventario Institucional de Datos de INECOL
inifap, Inventario Institucional de Datos de INIFAP
ipicyt, Inventario Institucional de Datos de IPICYT
cimat, Inventario Institucional de Datos de CIMAT
conavi, Inventario Institucional de Datos de CONAVI
cnsf, Inventario Institucional de Datos de CNSF
colsan, Inventario Institucional de Datos de COLSAN
inah, Inventario Institucional de Datos de INAH
bancomext, Inventario Institucional de Datos de BANCOMEXT
ciatej, Inventario Institucional de Datos de CIATEJ
cicese, Inventario Institucional de Datos de CICESE
cmm, Inventario Institucional de Datos de CMM
cofaa, Inventario Institucional de Datos de COFAA
cofepris, Inventario Institucional de Datos de COFEPRIS
colpos, Inventario Institucional de Datos de COLPOS
conaza, Inventario Institucional de Datos de CONAZA
conocer, Inventario Institucional de Datos de CONOCER
crae, Inventario Institucional de Datos de CRAE
cre, Inventario Institucional de Datos de CRE
csaegro, Inventario Institucional de Datos de CSAEGRO
ech, Inventario Institucional de Datos de ECH
elccc, Inventario Institucional de Datos de ELCCC
fira, Inventario Institucional de Datos de FIRA
fonart, Inventario Institucional de Datos de FONART
profedet, Inventario Institucional de Datos de PROFEDET
sfp, Inventario Institucional de Datos de SFP
ipn, Inventario Institucional de Datos de IPN
insp, Inventario Institucional de Datos de INSP
ayuntamiento-de-reynosa, Inventario Institucional de Datos de Ayuntamiento de Reynosa
cicy, Inventario Institucional de Datos de CICY
lotenal, Inventario Institucional de Datos de LOTENAL
segob, Inventario Institucional de Datos de SEGOB
conapred, Inventario Institucional de Datos de CONAPRED
api-vsa, Inventario Institucional de Datos de API-VSA
cm, Inventario Institucional de Datos de CM
firco, Inventario Institucional de Datos de FIRCO
cimav, Inventario Institucional de Datos de CIMAV
api-pch, Inventario Institucional de Datos de API-PCH
api-mzt, Inventario Institucional de Datos de API-MZT
sagarpa, Inventario Institucional de Datos de SAGARPA
sedena, Inventario Institucional de Datos de SEDENA
pronabive, Inventario Institucional de Datos de PRONABIVE
sat, Inventario Institucional de Datos de SAT
senasica, Inventario Institucional de Datos de SENASICA
prospera, Inventario Institucional de Datos de PROSPERA
cdi, Inventario Institucional de Datos de CDI
fonhapo, Inventario Institucional de Datos de FONHAPO
colef, Inventario Institucional de Datos de COLEF
hraeo, Inventario Institucional de Datos de HRAEO
ayuntamiento-de-minatitlan, Inventario Institucional de Datos de Minatitlán
spr, Inventario Institucional de Datos de SPR
sae, Inventario Institucional de Datos de SAE
canal-11, Inventario Institucional de Datos de Canal 11
hraeb, Inventario Institucional de Datos de HRAEB
ayuntamiento-de-puebla, Inventario Institucional de Datos de Puebla
inecc, Inventario Institucional de Datos de INECC
inifed, Inventario Institucional de Datos de INIFED
telecomm, Inventario Institucional de Datos de Telecomm
sndif, Inventario Institucional de Datos de sndif
conadesuca, Inventario Institucional de Datos de CONADESUCA
inacipe, Inventario Institucional de Datos de INACIPE
birmex, Inventario Institucional de Datos de BIRMEX
conanp, Inventario Institucional de Datos de CONANP
condusef, Inventario Institucional de Datos de CONDUSEF
ayuntamiento-de-torreon, Inventario Institucional de Datos de Ayuntamiento de Torreón
profepa, Inventario Institucional de Datos de PROFEPA
api-scx, Inventario Institucional de Datos de API-SCX
inapam, Inventario Institucional de Datos de INAPAM
ciad, Inventario Institucional de Datos de CIAD
inea, Inventario Institucional de Datos de INEA
inali, Inventario Institucional de Datos de INALI
cideteq, Inventario Institucional de Datos de CIDETEQ
conafor, Inventario Institucional de Datos de CONAFOR
conapo, Inventario Institucional de Datos de CONAPO
servicio-geologico-mexicano, Inventario Institucional de Datos de Servicio Geológico Mexicano
conaliteg, Inventario Institucional de Datos de CONALITEG
conasami, Inventario Institucional de Datos de CONASAMI
himfg, Inventario Institucional de Datos de HIMFG
prodecon, Inventario Institucional de Datos de PRODECON
diconsa, Inventario Institucional de Datos de DICONSA
ipab, Inventario Institucional de Datos de IPAB
im, Inventario Institucional de Datos de IM
ciatec, Inventario Institucional de Datos de CIATEC
cio, Inventario Institucional de Datos de CIO
cineteca-nacional, Inventario Institucional de Datos de CINETECA NACIONAL
seguro-popular, Inventario Institucional de Datos de Seguro Popular
consar, Inventario Institucional de Datos de CONSAR
api-zlo, Inventario Institucional de Datos de API-ZLO
fnd, Inventario Institucional de Datos de FND
incan, Inventario Institucional de Datos de INCAN
